{
  "project_info": {
    "project_number": "36447795482",
    "project_id": "triptracker-8884b",
    "storage_bucket": "triptracker-8884b.firebasestorage.app"
  },
  "client": [
    {
      "client_info": {
        "mobilesdk_app_id": "1:36447795482:android:31af5c52b40893709854a3",
        "android_client_info": {
          "package_name": "com.example.triptracker"
        }
      },
      "oauth_client": [],
      "api_key": [
        {
          "current_key": "AIzaSyBUTXCXbDWIokLki3-dJiN9w7nQZg9a5lA"
        }
      ],
      "services": {
        "appinvite_service": {
          "other_platform_oauth_client": []
        }
      }
    }
  ],
  "configuration_version": "1"
}